parity4-5,0,0.949507499196071,0.9845288672773839
parity4-7,0,0.934960311248134,0.9949205495954696
parity4-9,0,0.9305250982681558,0.9935800272018036
parity6-5,0,0.995941748974386,0.91262138286959
parity6-7,0,0.992243584660845,0.9640381187428495
parity6-9,0,0.9901367124203544,0.9775400798461696
ant1-5,0,0.5294550828968078,0.9628413402337738
ant1-7,0,0.5358470821951018,0.966558835381023
ant1-9,0,0.5385139523695364,0.9679632566908474
nguyen2-5,0.0,0.11263381618733133,0.794502694849109
nguyen2-5,0.05,0.12845316213630753,0.8244474410761664
nguyen2-5,0.1,0.1451720442813164,0.8521116533189327
nguyen2-5,0.15,0.15987099465777957,0.8694147888172951
nguyen2-5,0.2,0.17282073759408448,0.8818242675985511
nguyen2-5,0.25,0.18564461437548296,0.8937678000089381
nguyen2-5,0.3,0.19681240025400076,0.9039680338054944
nguyen2-5,0.35,0.20628039874377252,0.9105051130504732
nguyen2-5,0.4,0.21639231807378492,0.9168303121657069
nguyen2-5,0.45,0.228118235043193,0.9263880436308318
nguyen2-5,0.5,0.24218223198708816,0.9352766419830391
nguyen2-5,0.55,0.2524381674257009,0.9418583505032171
nguyen2-5,0.6,0.26067708335586487,0.9451340836377922
nguyen2-5,0.65,0.2684143022485831,0.948321507218995
nguyen2-5,0.7,0.27677096394055234,0.9511901359834605
nguyen2-5,0.75,0.28566194278040963,0.9547487988987559
nguyen2-5,0.8,0.2930112664149009,0.9563329246606953
nguyen2-5,0.85,0.29973138169130287,0.9582460515127458
nguyen2-5,0.9,0.30778021279728285,0.960527807842837
nguyen2-5,0.95,0.31609389271525357,0.9626798090834461
nguyen2-5,1.0,0.3243849554845189,0.9667074718207673
nguyen2-5,1.05,0.33094272049795925,0.9678373983653178
nguyen2-5,1.1,0.33707361933167673,0.9689180433498863
nguyen2-5,1.15,0.34329012790752367,0.9706497618948708
nguyen2-5,1.2,0.3509294055224688,0.9717372609465064
nguyen2-5,1.25,0.35871076353505593,0.9732216401279981
nguyen2-5,1.3,0.3658109486794991,0.9735659154282971
nguyen2-5,1.35,0.37206800606518525,0.9743147828093635
nguyen2-5,1.4,0.37996516484616305,0.9738478414760984
nguyen2-5,1.45,0.38591535323010534,0.9741803345543367
nguyen2-5,1.5,0.3934576695461117,0.9735716908453175
nguyen2-5,1.55,0.39877742279363404,0.9732725835995302
nguyen2-5,1.6,0.40653858213112337,0.9742103391740643
nguyen2-5,1.65,0.4132578659207494,0.9744825888983022
nguyen2-5,1.7,0.4205973883973456,0.9748312153552101
nguyen2-5,1.75,0.42687250337934407,0.9750412579649502
nguyen2-5,1.8,0.4332008645553309,0.9756637232583223
nguyen2-5,1.85,0.4393554711667545,0.9754802633865729
nguyen2-5,1.9,0.4471620046763432,0.9768555687632946
nguyen2-5,1.95,0.45258896670716714,0.976773349213012
nguyen2-5,2.0,0.4587471628897504,0.977059331148492
nguyen2-5,2.05,0.46402620816056694,0.9770130388110657
nguyen2-5,2.1,0.4697599218660497,0.9770559532540944
nguyen2-5,2.15,0.4765046253185213,0.9768452909793958
nguyen2-5,2.2,0.4818812266134805,0.9768227811285974
nguyen2-5,2.25,0.4876458537597971,0.9762254884201367
nguyen2-5,2.3,0.4938474314522086,0.9748188031715508
nguyen2-5,2.35,0.4979516821234457,0.9747366095302362
nguyen2-5,2.4,0.5032877789791024,0.9745482001794252
nguyen2-5,2.45,0.5075122118229022,0.9745081548171067
nguyen2-5,2.5,0.5128794015602337,0.9653461372617425
nguyen2-5,2.55,0.5172836250989338,0.966077241351153
nguyen2-5,2.6,0.5227975674873775,0.9665584503640716
nguyen2-5,2.65,0.5279113275400507,0.9660972569542126
nguyen2-5,2.7,0.533770589484916,0.9658810482500096
nguyen2-5,2.75,0.5381411811027814,0.9657871386508546
nguyen2-5,2.8,0.5428078289567835,0.9655421006598693
nguyen2-5,2.85,0.5467795230164773,0.9645371498545997
nguyen2-5,2.9,0.5516945466279735,0.9637535436896854
nguyen2-5,2.95,0.554361506501081,0.9638439981503737
nguyen2-5,3.0,0.5587669897528561,0.9601518818539897
nguyen2-5,3.05,0.5637721830848537,0.9594437046120124
nguyen2-5,3.1,0.5670800214036525,0.959429602680111
nguyen2-5,3.15,0.5704079406330171,0.959035032349806
nguyen2-5,3.2,0.5733583570358194,0.9587961606364614
nguyen2-5,3.25,0.5778719173025887,0.9583693071724012
nguyen2-5,3.3,0.5824257561281129,0.9584927044026144
nguyen2-5,3.35,0.5859382929670729,0.9583717272768653
nguyen2-5,3.4,0.5889451969438558,0.957922390337275
nguyen2-5,3.45,0.5923074587782972,0.9577425993960799
nguyen2-5,3.5,0.5958370671195061,0.957351214689495
nguyen2-5,3.55,0.5997730343502226,0.9579234360924909
nguyen2-5,3.6,0.6023914921503638,0.9575470891146136
nguyen2-5,3.65,0.6073959330039126,0.956667906094367
nguyen2-5,3.7,0.6107760144873253,0.9561912900279985
nguyen2-5,3.75,0.613407025185965,0.9557915325524904
nguyen2-5,3.8,0.6170956476148262,0.9545669006236177
nguyen2-5,3.85,0.6201019559846356,0.953861843701404
nguyen2-5,3.9,0.6227556822275532,0.9537028328271867
nguyen2-5,3.95,0.6262616368396693,0.9532318503416923
nguyen2-5,4.0,0.6301124371430206,0.952223952962944
nguyen2-5,4.05,0.633553548469945,0.9519301853750584
nguyen2-5,4.1,0.6365233871382237,0.9501709303638441
nguyen2-5,4.15,0.6413160446238837,0.9453987276670334
nguyen2-5,4.2,0.6449596661524847,0.9453877078563658
nguyen2-5,4.25,0.6485549842988345,0.9447589018564665
nguyen2-5,4.3,0.6514801106735721,0.944758791233105
nguyen2-5,4.35,0.6554474193346357,0.9434730931074132
nguyen2-5,4.4,0.6578810937376062,0.9429594189085175
nguyen2-5,4.45,0.6603955471468348,0.9426470222665704
nguyen2-5,4.5,0.6649353033257789,0.9424290624964733
nguyen2-5,4.55,0.6669875770170635,0.941756772155978
nguyen2-5,4.6,0.6708032393632419,0.9412542553467328
nguyen2-5,4.65,0.6727121172593147,0.940099288505766
nguyen2-5,4.7,0.6755946919523782,0.9397094156383274
nguyen2-5,4.75,0.6777199367237937,0.9396477316659104
nguyen2-5,4.8,0.6808326732062132,0.937267466436026
nguyen2-5,4.85,0.6833632997846877,0.9361591746243669
nguyen2-5,4.9,0.6852645783034168,0.9363459920537105
nguyen2-5,4.95,0.6873355090956039,0.9361699743393427
nguyen2-5,5.0,0.6911684821486549,0.9319888824450083
nguyen2-5,5.05,0.6939714450312114,0.9286083930822597
nguyen2-5,5.1,0.6958532433360002,0.9248062802893682
nguyen2-5,5.15,0.6981599944717118,0.9231788989613122
nguyen2-5,5.2,0.7003834724575974,0.9260745457696015
nguyen2-5,5.25,0.7021772632635266,0.9246844314173052
nguyen2-5,5.3,0.7080324135629149,0.9168797101966194
nguyen2-5,5.35,0.7098157715695504,0.9158423615729794
nguyen2-5,5.4,0.7118285182167315,0.9157405615789155
nguyen2-5,5.45,0.7137029419732427,0.9159690451172393
nguyen2-5,5.5,0.7159364595547938,0.9155314478935038
nguyen2-5,5.55,0.7174413758999231,0.9152837538673542
nguyen2-5,5.6,0.7186491653572824,0.9150874749967076
nguyen2-5,5.65,0.7207108561831254,0.914198526958661
nguyen2-5,5.7,0.7220604615470146,0.9140843749830537
nguyen2-5,5.75,0.7243093055371983,0.9129103009002522
nguyen2-5,5.8,0.7257939874637662,0.911746295229705
nguyen2-5,5.85,0.7289893576347731,0.9112036271467457
nguyen2-5,5.9,0.7317948023323,0.9111483543169224
nguyen2-5,5.95,0.7333439807218877,0.9102508460561457
nguyen2-5,6.0,0.7346933591557678,0.9095013119547032
nguyen2-5,6.05,0.7361201455829698,0.9092248120476647
nguyen2-5,6.1,0.7381630927397466,0.9069071816180626
nguyen2-5,6.15,0.73920656381136,0.9057745106338067
nguyen2-5,6.2,0.7407472917675351,0.905364699706707
nguyen2-5,6.25,0.7429315936785342,0.9032724476924886
nguyen2-5,6.3,0.7444422601431413,0.9030640604790889
nguyen2-5,6.35,0.7464099145014138,0.8951081969079739
nguyen2-5,6.4,0.7476055367899913,0.8932888971183286
nguyen2-5,6.45,0.7492608368089884,0.8925825338104371
nguyen2-5,6.5,0.750821241653363,0.892823924285737
nguyen2-5,6.55,0.7523490669637173,0.8927388737429921
nguyen2-5,6.6,0.7539336920077941,0.8924573494142685
nguyen2-5,6.65,0.7549554523802005,0.8919802137297667
nguyen2-5,6.7,0.7563198612894895,0.891434401807335
nguyen2-5,6.75,0.7577024153791042,0.8908504560711057
nguyen2-5,6.8,0.7590958777723849,0.8836055202900863
nguyen2-5,6.85,0.7604660885024087,0.8837259345648247
nguyen2-5,6.9,0.7618709063797457,0.8790934418309366
nguyen2-5,6.95,0.7637189463099644,0.8750346882395903
nguyen2-5,7.0,0.764724580709535,0.8747885570988825
nguyen2-5,7.05,0.765948506742741,0.870942277589354
nguyen2-5,7.1,0.767176712857514,0.8680388268703981
nguyen2-5,7.15,0.7684648231361179,0.8674022266152939
nguyen2-5,7.2,0.7694153648202092,0.8667852443766547
nguyen2-5,7.25,0.7708478892311483,0.8665425050463973
nguyen2-5,7.3,0.77189052203608,0.863660116276716
nguyen2-5,7.35,0.7730490674345722,0.8621040112109668
nguyen2-5,7.4,0.7739887037741404,0.8589528454540958
nguyen2-5,7.45,0.7756164830272583,0.8593578954297705
nguyen2-5,7.5,0.7767709509048245,0.856925550865854
nguyen2-5,7.55,0.7788511892634503,0.8508234424140858
nguyen2-5,7.6,0.7795600202408639,0.8508558129065038
nguyen2-5,7.65,0.7822342193113222,0.8497560894955604
nguyen2-5,7.7,0.783601617124947,0.8452982393672573
nguyen2-5,7.75,0.7847448043387356,0.8459799385798196
nguyen2-5,7.8,0.785527123615499,0.8344292020145181
nguyen2-5,7.85,0.7871421191801393,0.8344472324360878
nguyen2-5,7.9,0.7887860279655254,0.8299967033120349
nguyen2-5,7.95,0.7906762114344613,0.8293757728215299
nguyen2-5,8.0,0.791597494272404,0.8285002380855453
nguyen2-5,8.05,0.7923532041089751,0.8276255495019581
nguyen2-5,8.1,0.7931509559572423,0.8267655463608148
nguyen2-5,8.15,0.7938827102529318,0.8267734545230546
nguyen2-5,8.2,0.7946309708651635,0.8266677084962205
nguyen2-5,8.25,0.7956278617986199,0.8274876447515287
nguyen2-5,8.3,0.7965993902161906,0.8274982641498816
nguyen2-5,8.35,0.797961987844518,0.8205829278531229
nguyen2-5,8.4,0.7996823283328359,0.8178022167104197
nguyen2-5,8.45,0.8006521101465518,0.817684989228846
nguyen2-5,8.5,0.8015143204392564,0.8139896166454541
nguyen2-5,8.55,0.8024278229792629,0.8093233654882687
nguyen2-5,8.6,0.8036827103993643,0.8034085096427035
nguyen2-5,8.65,0.8054652651785587,0.7988914508385041
nguyen2-5,8.7,0.8067964774184313,0.7985020865376586
nguyen2-5,8.75,0.8072976830807945,0.7982597160477544
nguyen2-5,8.8,0.808158942764531,0.7983712346783983
nguyen2-5,8.85,0.8093761724568245,0.7979114035014164
nguyen2-5,8.9,0.8104356159721762,0.7895091004491125
nguyen2-5,8.95,0.8119440296860274,0.7889394486550478
nguyen2-5,9.0,0.812719377454351,0.7888721297280881
nguyen2-5,9.05,0.8134169244700797,0.7888991061973482
nguyen2-5,9.1,0.8141475330495577,0.7886435606654087
nguyen2-5,9.15,0.8148699665857846,0.7874289389835246
nguyen2-5,9.2,0.8156047296793735,0.7872456055857764
nguyen2-5,9.25,0.8163995036241668,0.7871318059836467
nguyen2-5,9.3,0.8173569102100632,0.7868416023669309
nguyen2-5,9.35,0.8183803680525442,0.7868488191041907
nguyen2-5,9.4,0.819128205708616,0.7867191919245979
nguyen2-5,9.45,0.8201426146435822,0.7863317534475703
nguyen2-5,9.5,0.8213324689806417,0.7825698409355495
nguyen2-5,9.55,0.8223390815276248,0.7827385987682673
nguyen2-5,9.6,0.8237622625247001,0.7791157584031655
nguyen2-5,9.65,0.8250643468386353,0.7790342953621386
nguyen2-5,9.7,0.8256471979090189,0.7789174455885021
nguyen2-5,9.75,0.826936876314261,0.778452193916315
nguyen2-5,9.8,0.8275481225374816,0.7784826674039488
nguyen2-5,9.85,0.8284549400755676,0.7783983959223432
nguyen2-5,9.9,0.8293125907671418,0.7732621774559647
nguyen2-5,9.95,0.8299428223395178,0.7732348104384879
nguyen2-7,0.0,0.12338874102027644,0.8251707096688078
nguyen2-7,0.05,0.1438970534785209,0.8565922308562339
nguyen2-7,0.1,0.16165818843518032,0.8800010995121004
nguyen2-7,0.15,0.17674625436640828,0.8957233578201204
nguyen2-7,0.2,0.19189565229506947,0.9091308072445712
nguyen2-7,0.25,0.20779556913228767,0.9202662671094127
nguyen2-7,0.3,0.22127534892533846,0.9286777218910133
nguyen2-7,0.35,0.23304472484186062,0.9358425104061235
nguyen2-7,0.4,0.24509647623119932,0.9414830352511295
nguyen2-7,0.45,0.2586247353161292,0.9474874691403791
nguyen2-7,0.5,0.2716673855230313,0.9533261584732916
nguyen2-7,0.55,0.28276266063088273,0.9579414247803814
nguyen2-7,0.6,0.2924733218744333,0.9606643928150141
nguyen2-7,0.65,0.3020254557149276,0.9631861033514169
nguyen2-7,0.7,0.312285788944827,0.9656505478130241
nguyen2-7,0.75,0.3217852196058893,0.9677139898324704
nguyen2-7,0.8,0.3306651017048269,0.9689594970504777
nguyen2-7,0.85,0.3384992845597213,0.9703389725981322
nguyen2-7,0.9,0.3472979775494764,0.9717831600579142
nguyen2-7,0.95,0.35569294066884594,0.9728551679576873
nguyen2-7,1.0,0.36391971379563026,0.9742538609912956
nguyen2-7,1.05,0.371496644566387,0.9753960036673911
nguyen2-7,1.1,0.3790932398212582,0.9758766538609421
nguyen2-7,1.15,0.3869662071146673,0.9764862260844707
nguyen2-7,1.2,0.39484887787519823,0.9772549681761487
nguyen2-7,1.25,0.4021072469926382,0.9776025907363335
nguyen2-7,1.3,0.41067901685230157,0.9785441877486014
nguyen2-7,1.35,0.41774735391881457,0.9790908860017317
nguyen2-7,1.4,0.4253294506171349,0.979720357267496
nguyen2-7,1.45,0.43192477773117843,0.9798520524022714
nguyen2-7,1.5,0.43819454311251294,0.9797913818402776
nguyen2-7,1.55,0.4440718841089882,0.9800714862116887
nguyen2-7,1.6,0.45205835205796696,0.9805339779314985
nguyen2-7,1.65,0.4594370426188398,0.9807142440861546
nguyen2-7,1.7,0.4661815257101604,0.9806933162437798
nguyen2-7,1.75,0.47243887073012786,0.9806786503947095
nguyen2-7,1.8,0.4783051590172341,0.9810145167551115
nguyen2-7,1.85,0.4853815944141548,0.9804999877328029
nguyen2-7,1.9,0.4915803135425254,0.9801734647473613
nguyen2-7,1.95,0.49727680856239703,0.9802139162958687
nguyen2-7,2.0,0.5039492880580247,0.97986424310992
nguyen2-7,2.05,0.5097421525310712,0.9798113077855969
nguyen2-7,2.1,0.5156674426616258,0.9793914630984232
nguyen2-7,2.15,0.5226359148163349,0.9786603807163329
nguyen2-7,2.2,0.5275492210119629,0.9786025867905995
nguyen2-7,2.25,0.5330351937528465,0.9783371536065592
nguyen2-7,2.3,0.5384026259874033,0.9781584562329997
nguyen2-7,2.35,0.5430579643182005,0.9763708061841476
nguyen2-7,2.4,0.5472948884674025,0.9760438291531439
nguyen2-7,2.45,0.5516775427623258,0.9753191611512133
nguyen2-7,2.5,0.5577812940139695,0.9756731964154717
nguyen2-7,2.55,0.5628030580005031,0.975983967934227
nguyen2-7,2.6,0.5673449518484134,0.9754751806585082
nguyen2-7,2.65,0.5721715054304891,0.9747441177296432
nguyen2-7,2.7,0.5764491769933876,0.9734767950285943
nguyen2-7,2.75,0.5805383123561679,0.9735677405560008
nguyen2-7,2.8,0.5849613471473443,0.9733554932004381
nguyen2-7,2.85,0.5883304620668632,0.9723909282614955
nguyen2-7,2.9,0.592633156247918,0.972300598768169
nguyen2-7,2.95,0.5965649651353505,0.9667489012692319
nguyen2-7,3.0,0.6002025164241757,0.9663315466708287
nguyen2-7,3.05,0.6044425339737455,0.9656761096093521
nguyen2-7,3.1,0.6076938182201181,0.9635752778208244
nguyen2-7,3.15,0.6114870074797267,0.963243295209598
nguyen2-7,3.2,0.6150508361049192,0.9590307976342758
nguyen2-7,3.25,0.6187100612941756,0.9585707387874968
nguyen2-7,3.3,0.62223904251227,0.9593551647467541
nguyen2-7,3.35,0.6257739780731592,0.9589196604838661
nguyen2-7,3.4,0.6293207707907623,0.9572425299347205
nguyen2-7,3.45,0.6327125349061703,0.9528034759490227
nguyen2-7,3.5,0.6357474763372031,0.9522939853307102
nguyen2-7,3.55,0.6389681941662899,0.9517931931307878
nguyen2-7,3.6,0.6415486422070045,0.9513196259072996
nguyen2-7,3.65,0.6455980222268262,0.9495728727111837
nguyen2-7,3.7,0.6483566663941605,0.9488837708568021
nguyen2-7,3.75,0.6511658577395407,0.9486534978212692
nguyen2-7,3.8,0.6540245221226573,0.9481477660022309
nguyen2-7,3.85,0.6580073472324653,0.9474796524370156
nguyen2-7,3.9,0.6607064550445785,0.947154315331293
nguyen2-7,3.95,0.6632442519760433,0.9469258536233582
nguyen2-7,4.0,0.666719152147375,0.9463580900042988
nguyen2-7,4.05,0.6695421329606782,0.9462172453234645
nguyen2-7,4.1,0.6720484576610228,0.9457211158661025
nguyen2-7,4.15,0.6749529116310348,0.944263236319688
nguyen2-7,4.2,0.6778007109470541,0.943657015137803
nguyen2-7,4.25,0.6804414105009009,0.9434072199514714
nguyen2-7,4.3,0.6828963012151393,0.9435323472692361
nguyen2-7,4.35,0.6855742880305187,0.9427984715397656
nguyen2-7,4.4,0.6880124845784699,0.9429110771697589
nguyen2-7,4.45,0.6909274389836115,0.9422417724132042
nguyen2-7,4.5,0.6939104287671563,0.9401343486436198
nguyen2-7,4.55,0.6960454187408311,0.9399579809231922
nguyen2-7,4.6,0.6994766289656968,0.9389145064574552
nguyen2-7,4.65,0.7014254273333107,0.9388731744899544
nguyen2-7,4.7,0.7033471015381341,0.9385698460983946
nguyen2-7,4.75,0.7053427037259083,0.9384734155234742
nguyen2-7,4.8,0.7079353328736624,0.9376555954262001
nguyen2-7,4.85,0.7099476035758162,0.9374347290242793
nguyen2-7,4.9,0.7116435317728629,0.9363407690510465
nguyen2-7,4.95,0.7137581945884085,0.9361683230618263
nguyen2-7,5.0,0.7168107353490056,0.9347498508933714
nguyen2-7,5.05,0.7194220736676799,0.9333658558987448
nguyen2-7,5.1,0.7210183885658339,0.9327987305648325
nguyen2-7,5.15,0.722776649881789,0.9320788260085835
nguyen2-7,5.2,0.7247599381522175,0.9354899723833237
nguyen2-7,5.25,0.7263523254597695,0.9347294476656641
nguyen2-7,5.3,0.7300668983500068,0.9285838891045648
nguyen2-7,5.35,0.731790592823981,0.9284874987915996
nguyen2-7,5.4,0.7337593460175208,0.9273177955670593
nguyen2-7,5.45,0.7354550990921309,0.9276200566502883
nguyen2-7,5.5,0.7373615241268153,0.9256748742390851
nguyen2-7,5.55,0.7389060459139856,0.9260485725042331
nguyen2-7,5.6,0.7403684521434317,0.9259434895752026
nguyen2-7,5.65,0.7420668948643477,0.9217940729490368
nguyen2-7,5.7,0.7437163157384084,0.92112608873977
nguyen2-7,5.75,0.7453255954406863,0.9204448092082897
nguyen2-7,5.8,0.7466558912081821,0.9200457178705226
nguyen2-7,5.85,0.7495499396967614,0.9188860834685368
nguyen2-7,5.9,0.7519689131118829,0.917552603384208
nguyen2-7,5.95,0.7536041445479236,0.9173143948201603
nguyen2-7,6.0,0.7550652261295083,0.9160137116624941
nguyen2-7,6.05,0.7564911779541328,0.915797004280163
nguyen2-7,6.1,0.7586388588147339,0.914047784955419
nguyen2-7,6.15,0.7598084670089962,0.9135064545722641
nguyen2-7,6.2,0.7614817746861662,0.9091390731674684
nguyen2-7,6.25,0.7632141871651941,0.9022765579909366
nguyen2-7,6.3,0.7644323005368977,0.9021525685791629
nguyen2-7,6.35,0.7656931609926392,0.902162706013581
nguyen2-7,6.4,0.7667963751557768,0.8970882557537803
nguyen2-7,6.45,0.7680391459798435,0.8962127734010827
nguyen2-7,6.5,0.7694078241954118,0.8964593644353331
nguyen2-7,6.55,0.7706781900507133,0.8966271730762488
nguyen2-7,6.6,0.7719303746030322,0.8966773102579977
nguyen2-7,6.65,0.7731352113235173,0.8969256265875424
nguyen2-7,6.7,0.7743262443709004,0.8956204611186978
nguyen2-7,6.75,0.7756454788425126,0.896094665743666
nguyen2-7,6.8,0.7768164464127968,0.8947458777866915
nguyen2-7,6.85,0.7779561372473183,0.8929441308232812
nguyen2-7,6.9,0.7793976413411108,0.8926510751891281
nguyen2-7,6.95,0.7808811051472903,0.888996884171813
nguyen2-7,7.0,0.7818080083458375,0.8893354175678171
nguyen2-7,7.05,0.7831213591684919,0.88798322511536
nguyen2-7,7.1,0.7843675063022129,0.8824377272488251
nguyen2-7,7.15,0.7853796828148002,0.8813758173406723
nguyen2-7,7.2,0.7862663200007204,0.8803497958088434
nguyen2-7,7.25,0.7874142925620154,0.8795708343352812
nguyen2-7,7.3,0.7882823645718793,0.8768308839793728
nguyen2-7,7.35,0.7892752861465152,0.876065249559458
nguyen2-7,7.4,0.7904336367389502,0.8732956838585263
nguyen2-7,7.45,0.7918860727122976,0.8719586387668922
nguyen2-7,7.5,0.7928417908693558,0.8717695650824026
nguyen2-7,7.55,0.7943507973225461,0.8663044733140914
nguyen2-7,7.6,0.7951787288721224,0.8631513353815119
nguyen2-7,7.65,0.7967637521207113,0.8622419896124736
nguyen2-7,7.7,0.7979394794388658,0.8630432538126185
nguyen2-7,7.75,0.7988619474687557,0.8572282573676416
nguyen2-7,7.8,0.7997249377837502,0.8411807485118007
nguyen2-7,7.85,0.8007937884844175,0.8358892100613786
nguyen2-7,7.9,0.802279892631951,0.8322858901532665
nguyen2-7,7.95,0.8038336456453433,0.8282404671509586
nguyen2-7,8.0,0.8046217388466212,0.8241417840337175
nguyen2-7,8.05,0.8055763836461314,0.8163885182891455
nguyen2-7,8.1,0.8062825217673222,0.8162586345801089
nguyen2-7,8.15,0.8076138388658696,0.8162627424788813
nguyen2-7,8.2,0.8083522868630934,0.8164594535910977
nguyen2-7,8.25,0.8093078571968764,0.814954934870371
nguyen2-7,8.3,0.8100833218405163,0.8151165139032284
nguyen2-7,8.35,0.8115203869299269,0.8077737494432816
nguyen2-7,8.4,0.8130560397318938,0.8046788559873312
nguyen2-7,8.45,0.8139474108582304,0.8045885600261018
nguyen2-7,8.5,0.8147511748027544,0.8008550080341847
nguyen2-7,8.55,0.8155245615303867,0.7963007866136094
nguyen2-7,8.6,0.8165710076140029,0.7964600246118997
nguyen2-7,8.65,0.8174024116599377,0.7963648080212732
nguyen2-7,8.7,0.8180567952970162,0.7961971101629348
nguyen2-7,8.75,0.8186576118658212,0.7960565155895152
nguyen2-7,8.8,0.8194449066871897,0.7959190251857973
nguyen2-7,8.85,0.8206392505298105,0.795612055657681
nguyen2-7,8.9,0.8215354251533045,0.7930716987755853
nguyen2-7,8.95,0.8229444778208395,0.7912402505591598
nguyen2-7,9.0,0.82367180006085,0.7912157830104999
nguyen2-7,9.05,0.8243265190665461,0.7870889726618685
nguyen2-7,9.1,0.8249758329542962,0.7871173277074769
nguyen2-7,9.15,0.8254969813719236,0.7870944426203532
nguyen2-7,9.2,0.8260441310281866,0.7868573567939223
nguyen2-7,9.25,0.8267153228291718,0.7854937424018716
nguyen2-7,9.3,0.8275262594324982,0.7854431299229649
nguyen2-7,9.35,0.8283272714093247,0.7853262487867468
nguyen2-7,9.4,0.8291454666791668,0.7845635720731253
nguyen2-7,9.45,0.8298998711959362,0.7839770224889854
nguyen2-7,9.5,0.83070724846839,0.7799512193752618
nguyen2-7,9.55,0.8315000028556454,0.7793730066341524
nguyen2-7,9.6,0.8325626337176601,0.7761323108030315
nguyen2-7,9.65,0.8334303346844092,0.775871179198192
nguyen2-7,9.7,0.8338785955738319,0.7757996588195313
nguyen2-7,9.75,0.8345867591516358,0.7756783649828265
nguyen2-7,9.8,0.8352699450732923,0.7717109423276436
nguyen2-7,9.85,0.8359560531026717,0.7716549172021213
nguyen2-7,9.9,0.8367545723703401,0.7716463706895569
nguyen2-7,9.95,0.8373629985069408,0.7713612404491333
nguyen2-9,0.0,0.13281136148491535,0.8388545615786946
nguyen2-9,0.05,0.15471494659008353,0.8712178789402267
nguyen2-9,0.1,0.17403929856363917,0.8928087099727431
nguyen2-9,0.15,0.1899797225166501,0.9077469827565612
nguyen2-9,0.2,0.20560514324598525,0.9194737229726802
nguyen2-9,0.25,0.22088430140687532,0.9297278214899711
nguyen2-9,0.3,0.23418045553423458,0.9375592974289075
nguyen2-9,0.35,0.24708804511125515,0.9441114636166847
nguyen2-9,0.4,0.2594129471948819,0.9496611198855527
nguyen2-9,0.45,0.2721809637833669,0.9550030934299112
nguyen2-9,0.5,0.28640529075978627,0.9604481599696308
nguyen2-9,0.55,0.2977860435389184,0.9641192968384038
nguyen2-9,0.6,0.3080834047348075,0.9669617103327026
nguyen2-9,0.65,0.31770295266935733,0.9693590942730222
nguyen2-9,0.7,0.32688528098346903,0.9714775620564313
nguyen2-9,0.75,0.3362004547264089,0.973183750594372
nguyen2-9,0.8,0.34474359069230176,0.9747679939649047
nguyen2-9,0.85,0.3533759825072997,0.976212861419584
nguyen2-9,0.9,0.36225166133802994,0.977562058824686
nguyen2-9,0.95,0.3710795770280005,0.9786414315945415
nguyen2-9,1.0,0.3793866834553573,0.9796568052581673
nguyen2-9,1.05,0.38715721231664924,0.9803472616195588
nguyen2-9,1.1,0.3947139271671059,0.9810291940079828
nguyen2-9,1.15,0.4028371480087815,0.9817181777684391
nguyen2-9,1.2,0.4104917653090056,0.9824092572727261
nguyen2-9,1.25,0.41745446703197636,0.9829031685115706
nguyen2-9,1.3,0.4250322168537597,0.9830476139256684
nguyen2-9,1.35,0.43160290848163413,0.9833469255654943
nguyen2-9,1.4,0.4389262590927839,0.9835282461763641
nguyen2-9,1.45,0.44545378422164655,0.9836361253673354
nguyen2-9,1.5,0.45189002256169786,0.9835224716381158
nguyen2-9,1.55,0.4581720398983768,0.983567708821724
nguyen2-9,1.6,0.4653884889999813,0.9836552990576369
nguyen2-9,1.65,0.4722520249726932,0.9834266218781716
nguyen2-9,1.7,0.4783851425069682,0.9833995528770675
nguyen2-9,1.75,0.48481585996073384,0.9832581217770985
nguyen2-9,1.8,0.4909676325915683,0.9832320817607909
nguyen2-9,1.85,0.4980339271053909,0.9826746991818286
nguyen2-9,1.9,0.5040227379348788,0.9825485388635196
nguyen2-9,1.95,0.5093790546013074,0.9823909199471258
nguyen2-9,2.0,0.5155225830943507,0.9819261148683175
nguyen2-9,2.05,0.521440300647984,0.9815801258057245
nguyen2-9,2.1,0.5268787841135318,0.9812019165101096
nguyen2-9,2.15,0.533131457541957,0.9806307829778703
nguyen2-9,2.2,0.5379231144637976,0.9801871786615834
nguyen2-9,2.25,0.5429912469546271,0.9796316771376834
nguyen2-9,2.3,0.5482555546817021,0.9792286903125366
nguyen2-9,2.35,0.5528108243951739,0.9786455321942491
nguyen2-9,2.4,0.5574125426693762,0.9783626462257748
nguyen2-9,2.45,0.5616327982830142,0.9778220470578235
nguyen2-9,2.5,0.5666375534108685,0.9772060457304971
nguyen2-9,2.55,0.5710702842751765,0.9770172685359229
nguyen2-9,2.6,0.575662584032661,0.9760044344519843
nguyen2-9,2.65,0.5801362135955581,0.9754844906585919
nguyen2-9,2.7,0.5842847934588363,0.9751244794547005
nguyen2-9,2.75,0.5886313500449397,0.9748638512527407
nguyen2-9,2.8,0.5928044533391332,0.974436401795092
nguyen2-9,2.85,0.5963286523419026,0.9743629419748606
nguyen2-9,2.9,0.600831983629688,0.9740778555936973
nguyen2-9,2.95,0.6044638273914341,0.9709810888277953
nguyen2-9,3.0,0.6081461540312414,0.9707867899409645
nguyen2-9,3.05,0.6123108648141965,0.969872317983957
nguyen2-9,3.1,0.6154946159312683,0.9688741991001925
nguyen2-9,3.15,0.6189599313133692,0.9685935293823655
nguyen2-9,3.2,0.622603495239374,0.9652904559674735
nguyen2-9,3.25,0.6264177188453377,0.9648569476658924
nguyen2-9,3.3,0.6299863576886188,0.964151836761467
nguyen2-9,3.35,0.6334110932695869,0.9596296180178263
nguyen2-9,3.4,0.6366780151448288,0.9590657327612058
nguyen2-9,3.45,0.6401160835676672,0.9585497500171695
nguyen2-9,3.5,0.643358076295527,0.9582136103102418
nguyen2-9,3.55,0.6462047814618473,0.9577175925509092
nguyen2-9,3.6,0.6487127043362411,0.9578887190838113
nguyen2-9,3.65,0.6525199545697355,0.9562018076085685
nguyen2-9,3.7,0.6551453592431014,0.9556907320072855
nguyen2-9,3.75,0.6579466244345863,0.9550979662552729
nguyen2-9,3.8,0.6607886023088121,0.9546838969170414
nguyen2-9,3.85,0.6640488093769844,0.954238824292885
nguyen2-9,3.9,0.6668931666234623,0.9535841695465274
nguyen2-9,3.95,0.669776490159808,0.9528899942866252
nguyen2-9,4.0,0.6732232670803016,0.952309721458478
nguyen2-9,4.05,0.6758473875584599,0.9516275276145675
nguyen2-9,4.1,0.6783663142536124,0.951115033701351
nguyen2-9,4.15,0.6812171052778468,0.9509333079180214
nguyen2-9,4.2,0.683887480340872,0.9504942437634152
nguyen2-9,4.25,0.6864089427043117,0.9500794904505834
nguyen2-9,4.3,0.6886697772252827,0.949983861474599
nguyen2-9,4.35,0.6915101234916143,0.9492341141528192
nguyen2-9,4.4,0.6937980333935765,0.9485247406988344
nguyen2-9,4.45,0.6964147218281062,0.9477726294404895
nguyen2-9,4.5,0.6990878612892854,0.9478464691104155
nguyen2-9,4.55,0.701298764500053,0.9476823397841794
nguyen2-9,4.6,0.7043803389421016,0.9469501607561788
nguyen2-9,4.65,0.7063160004554182,0.9465284103392945
nguyen2-9,4.7,0.7083066592630917,0.9465718350561738
nguyen2-9,4.75,0.7104641404925097,0.9458484347811956
nguyen2-9,4.8,0.7127615867079479,0.9453451589304865
nguyen2-9,4.85,0.7148422287761926,0.9443865238957669
nguyen2-9,4.9,0.7166540530271139,0.9433218274072473
nguyen2-9,4.95,0.7184027929050585,0.9424790145924813
nguyen2-9,5.0,0.7210706560537714,0.9413563915991618
nguyen2-9,5.05,0.7232541180734466,0.9406239922950616
nguyen2-9,5.1,0.7250719704431532,0.9395002301735738
nguyen2-9,5.15,0.726896942356234,0.9378878266666341
nguyen2-9,5.2,0.728878401147835,0.940953412960609
nguyen2-9,5.25,0.7306982767712956,0.9398502100375781
nguyen2-9,5.3,0.7339918509877053,0.9352411050044006
nguyen2-9,5.35,0.7356834769462246,0.9352555895571009
nguyen2-9,5.4,0.7373935889655151,0.9347345789234205
nguyen2-9,5.45,0.7390656479451679,0.9341940600842255
nguyen2-9,5.5,0.7410060003819562,0.933872064979793
nguyen2-9,5.55,0.7427037499306636,0.932396049274614
nguyen2-9,5.6,0.7442434159904353,0.9316447224803152
nguyen2-9,5.65,0.7459114749301304,0.9304043181042897
nguyen2-9,5.7,0.7473053827660838,0.9304668510015452
nguyen2-9,5.75,0.7492759484901189,0.9294907000926104
nguyen2-9,5.8,0.7505666985679208,0.9294287441729364
nguyen2-9,5.85,0.7525066370240454,0.9295170127541121
nguyen2-9,5.9,0.7544199118851219,0.9290443708902499
nguyen2-9,5.95,0.7561262309892244,0.9277479185681906
nguyen2-9,6.0,0.7575919174482708,0.9258759887358594
nguyen2-9,6.05,0.7591028289516994,0.9257089896657729
nguyen2-9,6.1,0.7611257117826792,0.924096780514221
nguyen2-9,6.15,0.7622776717902227,0.9238886888074709
nguyen2-9,6.2,0.7636517871801736,0.9234574247366623
nguyen2-9,6.25,0.7649976395175102,0.923553098246961
nguyen2-9,6.3,0.7664531913947742,0.922052959038896
nguyen2-9,6.35,0.7677962954048866,0.9220234633610948
nguyen2-9,6.4,0.768935122765452,0.9207361536019849
nguyen2-9,6.45,0.7702880063359153,0.9202466086570129
nguyen2-9,6.5,0.7715627424967156,0.9204625278307419
nguyen2-9,6.55,0.7727833698674372,0.9130238692195628
nguyen2-9,6.6,0.7739495128562652,0.9129875844596511
nguyen2-9,6.65,0.7752402297521415,0.9134201910795319
nguyen2-9,6.7,0.7764465580239666,0.9090063470103292
nguyen2-9,6.75,0.7776557831187817,0.9093211585973107
nguyen2-9,6.8,0.7788737369522991,0.9081854066978121
nguyen2-9,6.85,0.7799876152783151,0.9054185689516153
nguyen2-9,6.9,0.7813056633308771,0.9047504929039758
nguyen2-9,6.95,0.7828274369841374,0.9047625416055202
nguyen2-9,7.0,0.7838288924690983,0.9053238929974441
nguyen2-9,7.05,0.7849937473623203,0.9042144954100193
nguyen2-9,7.1,0.7860857253466882,0.8966015523098827
nguyen2-9,7.15,0.7871336625751139,0.8969140783046599
nguyen2-9,7.2,0.7880522772486933,0.8977805797123999
nguyen2-9,7.25,0.7893757175482929,0.8982751242603284
nguyen2-9,7.3,0.7903072235734392,0.8964695922159223
nguyen2-9,7.35,0.791223954840447,0.8941812562374177
nguyen2-9,7.4,0.7922131639512964,0.8944407802709294
nguyen2-9,7.45,0.7935497018746301,0.8905918280212775
nguyen2-9,7.5,0.7945394787150609,0.8886912833823044
nguyen2-9,7.55,0.7957951116831459,0.882952678363721
nguyen2-9,7.6,0.7966306634545078,0.8836784152588514
nguyen2-9,7.65,0.7980897481019329,0.8833379835480162
nguyen2-9,7.7,0.7991917862286871,0.8823833822695804
nguyen2-9,7.75,0.8002203964969524,0.8785956171472943
nguyen2-9,7.8,0.8011171309372807,0.874580381144685
nguyen2-9,7.85,0.8020711761771936,0.8740141978133945
nguyen2-9,7.9,0.8034088937320051,0.8711967555830148
nguyen2-9,7.95,0.8048048566308552,0.870629197156216
nguyen2-9,8.0,0.8057068243243783,0.8704379566042736
nguyen2-9,8.05,0.8065312993047271,0.8697082861307388
nguyen2-9,8.1,0.8072397277429796,0.8696195228658644
nguyen2-9,8.15,0.8081689409498641,0.8684147129502439
nguyen2-9,8.2,0.8089504777694827,0.8625774407436692
nguyen2-9,8.25,0.8098932410341138,0.860505913453588
nguyen2-9,8.3,0.8107148045509088,0.8544122835888207
nguyen2-9,8.35,0.8118819956965538,0.8543450018827521
nguyen2-9,8.4,0.8133852417076227,0.8516631390729654
nguyen2-9,8.45,0.8142656930818418,0.8482116155780904
nguyen2-9,8.5,0.8150162184707562,0.84805149166564
nguyen2-9,8.55,0.8158747433128059,0.8471401544349386
nguyen2-9,8.6,0.8166641505903283,0.8454254613389501
nguyen2-9,8.65,0.8175834299277983,0.8377673334679007
nguyen2-9,8.7,0.8185496312330214,0.8336001335512102
nguyen2-9,8.75,0.8191517298780905,0.8334618080681733
nguyen2-9,8.8,0.8200553324271016,0.833024810895247
nguyen2-9,8.85,0.8211173738164302,0.8240911292638843
nguyen2-9,8.9,0.8219583374111117,0.823974336199414
nguyen2-9,8.95,0.8232037331818972,0.8158756098213241
nguyen2-9,9.0,0.8239754624290212,0.8157016254870103
nguyen2-9,9.05,0.8248161770185294,0.8143076086719131
nguyen2-9,9.1,0.8255157892450362,0.8143875523197811
nguyen2-9,9.15,0.8260721816155678,0.8142227252958807
nguyen2-9,9.2,0.8268082162831014,0.8141239268696354
nguyen2-9,9.25,0.8275600132124188,0.8140609044239535
nguyen2-9,9.3,0.8285966193703291,0.8139587784068669
nguyen2-9,9.35,0.8294418936764653,0.8137959637025654
nguyen2-9,9.4,0.830183995203774,0.8131739128553904
nguyen2-9,9.45,0.8309990519719932,0.8118640893551524
nguyen2-9,9.5,0.8317329863319379,0.8078253965411858
nguyen2-9,9.55,0.832502639389682,0.807619864875711
nguyen2-9,9.6,0.8335756706004248,0.8044541767025831
nguyen2-9,9.65,0.8345190512386117,0.8042337552348787
nguyen2-9,9.7,0.8350901818324007,0.8041591411150893
nguyen2-9,9.75,0.835871309373863,0.8040303504019409
nguyen2-9,9.8,0.8364882663373211,0.8039733112430032
nguyen2-9,9.85,0.8373104070404638,0.8037939507187651
nguyen2-9,9.9,0.8380445083010709,0.8035446409258236
nguyen2-9,9.95,0.8386849256714548,0.8035608587897066
nguyen9-5,0.0,0.015817713994964087,0.4708618431646503
nguyen9-5,0.05,0.02252067503446105,0.5147378204740847
nguyen9-5,0.1,0.028422950538151324,0.5469463623433434
nguyen9-5,0.15,0.03589740402951692,0.5811226072955941
nguyen9-5,0.2,0.04151249066114812,0.6037109778594837
nguyen9-5,0.25,0.04761709148311034,0.6262673067278545
nguyen9-5,0.3,0.053043844806406594,0.6446893992490156
nguyen9-5,0.35,0.05806372485644147,0.6597865673180543
nguyen9-5,0.4,0.06349200258959692,0.6754210727385532
nguyen9-5,0.45,0.06948854697082046,0.6898497904174183
nguyen9-5,0.5,0.07602433722983194,0.7074985554889198
nguyen9-5,0.55,0.0811156819346505,0.7196546657961176
nguyen9-5,0.6,0.08561547860099765,0.7301636519576872
nguyen9-5,0.65,0.091172125440643,0.7436879661496912
nguyen9-5,0.7,0.09600440161424667,0.752583574697166
nguyen9-5,0.75,0.10026362568689788,0.7609862791364777
nguyen9-5,0.8,0.10549590360386997,0.7717405418317423
nguyen9-5,0.85,0.10996347176425082,0.7790821066864333
nguyen9-5,0.9,0.11406793698473279,0.7863460342058552
nguyen9-5,0.95,0.11835504673128565,0.7927537403488617
nguyen9-5,1.0,0.12224016150893964,0.798650289815044
nguyen9-5,1.05,0.12774086235706889,0.8069996873797085
nguyen9-5,1.1,0.1315811630842007,0.8122084736059847
nguyen9-5,1.15,0.13584444564997256,0.8180469222633843
nguyen9-5,1.2,0.13979486372954653,0.8225936168697333
nguyen9-5,1.25,0.14329836642891597,0.8266640862204288
nguyen9-5,1.3,0.14730188149181841,0.8311731357264794
nguyen9-5,1.35,0.15257783518496298,0.840393852695448
nguyen9-5,1.4,0.15712181123348562,0.8453597666577273
nguyen9-5,1.45,0.16098054642624735,0.8489530199155578
nguyen9-5,1.5,0.16461985349201036,0.8526147704022439
nguyen9-5,1.55,0.16862918404564073,0.8563256233686396
nguyen9-5,1.6,0.1728848028909389,0.8603897587304407
nguyen9-5,1.65,0.17702098752313844,0.8636974482073139
nguyen9-5,1.7,0.1805626819119999,0.8676654981313469
nguyen9-5,1.75,0.18430433910980656,0.8709124359519607
nguyen9-5,1.8,0.18789308649921704,0.8736626425684407
nguyen9-5,1.85,0.19173399967878624,0.8768885581962984
nguyen9-5,1.9,0.19569093382609476,0.8796085974942908
nguyen9-5,1.95,0.19926968395232386,0.8823156058783304
nguyen9-5,2.0,0.2030689150922312,0.8851352325720044
nguyen9-5,2.05,0.20677718723546626,0.8879037029718326
nguyen9-5,2.1,0.21113203681278456,0.8917095272339638
nguyen9-5,2.15,0.21488591628036804,0.8938945967442186
nguyen9-5,2.2,0.2183679797075445,0.896107966081925
nguyen9-5,2.25,0.221463387458205,0.8980255780676623
nguyen9-5,2.3,0.22425376214470785,0.8996527150034833
nguyen9-5,2.35,0.22841172082857558,0.900931260891354
nguyen9-5,2.4,0.23137568199401862,0.9023984176163092
nguyen9-5,2.45,0.2346367402213442,0.904479713991521
nguyen9-5,2.5,0.23802738086198005,0.9060690781967184
nguyen9-5,2.55,0.24158996993048756,0.907904142500568
nguyen9-5,2.6,0.24545650826089596,0.9103470895976351
nguyen9-5,2.65,0.24839969580326585,0.9115478466649672
nguyen9-5,2.7,0.2512455769651509,0.9130440177481934
nguyen9-5,2.75,0.25453968634800556,0.9156124244068933
nguyen9-5,2.8,0.2576401132101124,0.9171434626384324
nguyen9-5,2.85,0.26047118229156213,0.918608606986112
nguyen9-5,2.9,0.2636383804364912,0.9202542836905644
nguyen9-5,2.95,0.2668573866027957,0.9221536830064682
nguyen9-5,3.0,0.2697417513556876,0.9232679706361896
nguyen9-5,3.05,0.27244116253179596,0.9246848981628315
nguyen9-5,3.1,0.27546323494423414,0.9258595771871073
nguyen9-5,3.15,0.27880174018984055,0.9282259760188561
nguyen9-5,3.2,0.2816166819817532,0.9293832174510994
nguyen9-5,3.25,0.28420883539603536,0.9304287446254409
nguyen9-5,3.3,0.2872873712914268,0.9321265854829793
nguyen9-5,3.35,0.2899954864929667,0.932945842086448
nguyen9-5,3.4,0.29286547501511806,0.9339972124053432
nguyen9-5,3.45,0.2958944931581009,0.9351359882513647
nguyen9-5,3.5,0.29867661469573004,0.9358089600741181
nguyen9-5,3.55,0.3008549536804677,0.9363703925888899
nguyen9-5,3.6,0.30360176324913063,0.9374728792858811
nguyen9-5,3.65,0.30652187528097363,0.9389280608146816
nguyen9-5,3.7,0.3093057936444865,0.9396741901821535
nguyen9-5,3.75,0.31194007323806117,0.9405832985965874
nguyen9-5,3.8,0.31451865279308033,0.9412722566930003
nguyen9-5,3.85,0.31704253826833656,0.9422572901578979
nguyen9-5,3.9,0.3197808634447298,0.9431409065505746
nguyen9-5,3.95,0.32270142153716763,0.9428338518563492
nguyen9-5,4.0,0.3256229613561414,0.9432779722183164
nguyen9-5,4.05,0.32822674969647075,0.9444506812977145
nguyen9-5,4.1,0.3302064715784035,0.9450779810164507
nguyen9-5,4.15,0.33262963549861846,0.9456959022200213
nguyen9-5,4.2,0.33523774551411656,0.9466150760870745
nguyen9-5,4.25,0.3378168947613333,0.9473742507314306
nguyen9-5,4.3,0.3405926016278846,0.9478914403932974
nguyen9-5,4.35,0.34414527929055905,0.9487534971426079
nguyen9-5,4.4,0.34658876510568454,0.9492681945694273
nguyen9-5,4.45,0.3486148480844684,0.9496732698098016
nguyen9-5,4.5,0.351025662593466,0.950389073002031
nguyen9-5,4.55,0.3533075521430712,0.9507564280314296
nguyen9-5,4.6,0.355889390790423,0.9512671944530211
nguyen9-5,4.65,0.358050227874843,0.9518487196177929
nguyen9-5,4.7,0.3609088482661447,0.9512037154966283
nguyen9-5,4.75,0.3633398013810218,0.9514056112841968
nguyen9-5,4.8,0.3657809658931672,0.9519565747914283
nguyen9-5,4.85,0.3680183006278025,0.95210820574697
nguyen9-5,4.9,0.371424749413946,0.9537907874785948
nguyen9-5,4.95,0.37396915611848824,0.9541994689060929
nguyen9-5,5.0,0.3772587908301763,0.9548308564776343
nguyen9-5,5.05,0.38001413776021586,0.955145753579913
nguyen9-5,5.1,0.38238561043644026,0.9557011724604599
nguyen9-5,5.15,0.3847979820724054,0.9558859307046192
nguyen9-5,5.2,0.38669898938549596,0.9562031862577026
nguyen9-5,5.25,0.38875949209827304,0.9565006740153602
nguyen9-5,5.3,0.3910554526586592,0.9566886569821916
nguyen9-5,5.35,0.3929802845617887,0.9569031888455731
nguyen9-5,5.4,0.39501924880372663,0.9573087881760758
nguyen9-5,5.45,0.397338712755557,0.9574841303972775
nguyen9-5,5.5,0.399649568193784,0.9577853832299635
nguyen9-5,5.55,0.4020757965547282,0.9583188224270773
nguyen9-5,5.6,0.4045394759933744,0.958541887983923
nguyen9-5,5.65,0.40634873746684774,0.9576919720351824
nguyen9-5,5.7,0.4081636377677721,0.9579147176408297
nguyen9-5,5.75,0.4100053337804166,0.9582453150043249
nguyen9-5,5.8,0.4118925869631107,0.9585908222763786
nguyen9-5,5.85,0.413523516008123,0.9587618049359115
nguyen9-5,5.9,0.41574782719240716,0.958840899821947
nguyen9-5,5.95,0.4172370439095365,0.9591159577219089
nguyen9-5,6.0,0.4191009951713662,0.9593370305360871
nguyen9-5,6.05,0.4207080091117298,0.959393613373663
nguyen9-5,6.1,0.42307087691883216,0.9602568533721397
nguyen9-5,6.15,0.4252365377853317,0.9610681838513717
nguyen9-5,6.2,0.42685469011434307,0.9612355017984656
nguyen9-5,6.25,0.4287490997126026,0.9613921951289072
nguyen9-5,6.3,0.4303616520245583,0.9618073163739745
nguyen9-5,6.35,0.43206042329986344,0.9609691273226015
nguyen9-5,6.4,0.43423218073190173,0.9613477441647693
nguyen9-5,6.45,0.43578302808251246,0.9614701144819234
nguyen9-5,6.5,0.43799467664969005,0.9618138723025891
nguyen9-5,6.55,0.44008136379671087,0.9621107625474653
nguyen9-5,6.6,0.44207802178965494,0.9621188896336722
nguyen9-5,6.65,0.4442470386937172,0.9619753192106038
nguyen9-5,6.7,0.445643909918253,0.962059716377057
nguyen9-5,6.75,0.44721338264246774,0.9620627347360619
nguyen9-5,6.8,0.44929153577922015,0.9624450801330978
nguyen9-5,6.85,0.4508998331184252,0.9624923199719966
nguyen9-5,6.9,0.4526964900653625,0.9626591387859481
nguyen9-5,6.95,0.45494617117120456,0.9630359687723314
nguyen9-5,7.0,0.45687148736941774,0.9631371687844493
nguyen9-5,7.05,0.4585570043917569,0.9634237676176194
nguyen9-5,7.1,0.46005482312149204,0.9636960120109186
nguyen9-5,7.15,0.46220359302870334,0.9638611324791078
nguyen9-5,7.2,0.4640431560848814,0.9642219744062905
nguyen9-5,7.25,0.46589952299891657,0.9647211432320699
nguyen9-5,7.3,0.4676682278683362,0.9645008603346299
nguyen9-5,7.35,0.4691708654776133,0.9645848429613326
nguyen9-5,7.4,0.4708445081098547,0.9645446374530421
nguyen9-5,7.45,0.4727117801292166,0.9646892532265909
nguyen9-5,7.5,0.4742417466515588,0.9646774923602714
nguyen9-5,7.55,0.47636160692606616,0.9648944452154897
nguyen9-5,7.6,0.47791012249553233,0.9649226936302281
nguyen9-5,7.65,0.47983066167793303,0.9645155040958988
nguyen9-5,7.7,0.48172207605728395,0.9644363767785612
nguyen9-5,7.75,0.4830792965493048,0.9643878387734326
nguyen9-5,7.8,0.48559347332480973,0.9646339051992492
nguyen9-5,7.85,0.4875046955583112,0.9645175264910455
nguyen9-5,7.9,0.4893773620746748,0.9607152963664649
nguyen9-5,7.95,0.49078472140400253,0.9606205573353164
nguyen9-5,8.0,0.49300520964520045,0.9601500706335725
nguyen9-5,8.05,0.49443357497512985,0.9600284808612688
nguyen9-5,8.1,0.4958259173710101,0.9600130994515704
nguyen9-5,8.15,0.49711377168907284,0.9601645784602271
nguyen9-5,8.2,0.4983073613291454,0.9600813216799008
nguyen9-5,8.25,0.5000823936614472,0.9600064439951617
nguyen9-5,8.3,0.5022706823677602,0.9608507445185086
nguyen9-5,8.35,0.5035178929318216,0.9608598117236492
nguyen9-5,8.4,0.5050249294320793,0.9606359616247133
nguyen9-5,8.45,0.5066408508594925,0.9602847521016585
nguyen9-5,8.5,0.507992986768406,0.9604002010200431
nguyen9-5,8.55,0.5095253026556478,0.9603245443469269
nguyen9-5,8.6,0.5116881199255243,0.9599489562607867
nguyen9-5,8.65,0.5138401585449042,0.9608044421956545
nguyen9-5,8.7,0.5152805000954425,0.9606261052854044
nguyen9-5,8.75,0.516821185701908,0.9609202708904259
nguyen9-5,8.8,0.5188923396138021,0.9569898270922164
nguyen9-5,8.85,0.5202717991660153,0.9568514636441183
nguyen9-5,8.9,0.5216659268229816,0.9568378244780125
nguyen9-5,8.95,0.5232867384974638,0.9569131326046242
nguyen9-5,9.0,0.5246136213802145,0.9570300693393289
nguyen9-5,9.05,0.5258766432972761,0.9558822678007555
nguyen9-5,9.1,0.5277638390385825,0.9561672716025672
nguyen9-5,9.15,0.5290472489049973,0.9561720507659168
nguyen9-5,9.2,0.5302840901066399,0.9560912622837153
nguyen9-5,9.25,0.5315486975831285,0.9560441483052762
nguyen9-5,9.3,0.5329415137592173,0.9560909512728298
nguyen9-5,9.35,0.5340860341528024,0.9560568759084037
nguyen9-5,9.4,0.5355586034113652,0.9557767346016872
nguyen9-5,9.45,0.5369178095041063,0.9561720222553933
nguyen9-5,9.5,0.5381438466609736,0.9561279357202532
nguyen9-5,9.55,0.5393694395503228,0.9559828157062827
nguyen9-5,9.6,0.5409931353549163,0.9558421001105566
nguyen9-5,9.65,0.5422709459739292,0.9558012123795422
nguyen9-5,9.7,0.5437439719770107,0.9558507318098158
nguyen9-5,9.75,0.5450583778989355,0.9555955766615388
nguyen9-5,9.8,0.545987570661338,0.9556989156808007
nguyen9-5,9.85,0.5473638168934971,0.9557877967051389
nguyen9-5,9.9,0.5486900954516858,0.9557026002306486
nguyen9-5,9.95,0.550340036302723,0.9555859756695557
nguyen9-7,0.0,0.01903329235001694,0.4904652184368352
nguyen9-7,0.05,0.029763915353008655,0.5521694082289581
nguyen9-7,0.1,0.03743828319722926,0.5875864788435186
nguyen9-7,0.15,0.04590325676106495,0.6201133583843089
nguyen9-7,0.2,0.05332745290940399,0.6457283163229143
nguyen9-7,0.25,0.060218148609413234,0.6665080465356001
nguyen9-7,0.3,0.06696034055383136,0.6855633832357761
nguyen9-7,0.35,0.07339365503788893,0.7018941735837371
nguyen9-7,0.4,0.07983204021727869,0.7167324415123238
nguyen9-7,0.45,0.08609736579832977,0.7304887901126914
nguyen9-7,0.5,0.09334435620351114,0.7456434855665215
nguyen9-7,0.55,0.09947425147894054,0.7582442536815455
nguyen9-7,0.6,0.10483496611257614,0.7684716241177693
nguyen9-7,0.65,0.11089996669979793,0.7798027354274468
nguyen9-7,0.7,0.11630284889899846,0.7885129609516052
nguyen9-7,0.75,0.12189626700086074,0.7973297278438578
nguyen9-7,0.8,0.1286800530553543,0.807306726396433
nguyen9-7,0.85,0.13368597720831224,0.8139980800089408
nguyen9-7,0.9,0.13860870296707004,0.8208797746901523
nguyen9-7,0.95,0.14418379470258869,0.827173362228575
nguyen9-7,1.0,0.1498405937080997,0.8331341605203083
nguyen9-7,1.05,0.15561266757909634,0.838810802741427
nguyen9-7,1.1,0.16009621472317304,0.8439367095046433
nguyen9-7,1.15,0.16509478360389324,0.8489848447772259
nguyen9-7,1.2,0.17049640859155601,0.8544694152760995
nguyen9-7,1.25,0.1751845902311873,0.8589090473127944
nguyen9-7,1.3,0.17953545247525804,0.8630622161720466
nguyen9-7,1.35,0.18459687384717577,0.867696447564202
nguyen9-7,1.4,0.18982703015337982,0.8732270803156963
nguyen9-7,1.45,0.19412259286252026,0.8768169627200726
nguyen9-7,1.5,0.19863291849875142,0.880377057487542
nguyen9-7,1.55,0.2031733389257205,0.8836240761663388
nguyen9-7,1.6,0.20733807357752926,0.8870347095550626
nguyen9-7,1.65,0.2113560017534958,0.8902771233223096
nguyen9-7,1.7,0.21561649717117087,0.8935927871859473
nguyen9-7,1.75,0.22015184804765411,0.8965528319860303
nguyen9-7,1.8,0.224694743947657,0.8995516688047087
nguyen9-7,1.85,0.2291469573197425,0.9021987467620102
nguyen9-7,1.9,0.23298299250747545,0.9044544246805654
nguyen9-7,1.95,0.23694001398041906,0.9069567608946167
nguyen9-7,2.0,0.24200212781803068,0.909717433740082
nguyen9-7,2.05,0.24626598249728324,0.9124505635118979
nguyen9-7,2.1,0.2505440676412372,0.9147716223723201
nguyen9-7,2.15,0.25475147534748305,0.916953341955118
nguyen9-7,2.2,0.25813987437756347,0.9186583523055453
nguyen9-7,2.25,0.26215694061908223,0.920180724212058
nguyen9-7,2.3,0.2656502826086442,0.9217533211807849
nguyen9-7,2.35,0.2694183559771687,0.923386025869476
nguyen9-7,2.4,0.2726046405067047,0.9247775786863545
nguyen9-7,2.45,0.2758567857332842,0.9262777224588215
nguyen9-7,2.5,0.279383907818522,0.9275039265310887
nguyen9-7,2.55,0.28241228896312515,0.928801219143226
nguyen9-7,2.6,0.2856023457943932,0.9301773697028116
nguyen9-7,2.65,0.289069068016592,0.9315153156113729
nguyen9-7,2.7,0.292244723865478,0.9325526347112587
nguyen9-7,2.75,0.2955419957383924,0.9340763417642975
nguyen9-7,2.8,0.29951622146906054,0.9356732238323285
nguyen9-7,2.85,0.3029389660803781,0.9370900047252677
nguyen9-7,2.9,0.3063347994999828,0.9382883561875333
nguyen9-7,2.95,0.30943361720707974,0.9393290516063891
nguyen9-7,3.0,0.31255945680383757,0.9404113210362403
nguyen9-7,3.05,0.3158338126197027,0.9414441003887505
nguyen9-7,3.1,0.31898528808565246,0.9425178420104028
nguyen9-7,3.15,0.32256570357560116,0.943776324261787
nguyen9-7,3.2,0.32575305199118854,0.9446980169753135
nguyen9-7,3.25,0.32849630450700873,0.9457253729213478
nguyen9-7,3.3,0.3314107557740107,0.9469082062032012
nguyen9-7,3.35,0.33438951033820674,0.9476799475128138
nguyen9-7,3.4,0.3377182894627255,0.948814917234176
nguyen9-7,3.45,0.3407669247557957,0.9495448113585289
nguyen9-7,3.5,0.34378822659045033,0.9503527925595833
nguyen9-7,3.55,0.34682009997643126,0.9510804174014641
nguyen9-7,3.6,0.34946407785726796,0.951537634143328
nguyen9-7,3.65,0.3521556421998417,0.9521234088172225
nguyen9-7,3.7,0.35495818445854566,0.9527166915683212
nguyen9-7,3.75,0.3576013696237304,0.9532828057212202
nguyen9-7,3.8,0.360709571400911,0.9542483852765784
nguyen9-7,3.85,0.3636044850637473,0.9549048857828112
nguyen9-7,3.9,0.3662027022968536,0.9556527165754702
nguyen9-7,3.95,0.36871281897256586,0.9560023631913692
nguyen9-7,4.0,0.37192618564474095,0.9562902618928742
nguyen9-7,4.05,0.3750304573694672,0.9566598887200406
nguyen9-7,4.1,0.3776023768311532,0.957165110987004
nguyen9-7,4.15,0.380016550535597,0.9574488711287477
nguyen9-7,4.2,0.3825944015193808,0.9580762578683975
nguyen9-7,4.25,0.385505118505926,0.9579240215352072
nguyen9-7,4.3,0.38823393035297044,0.958494800579922
nguyen9-7,4.35,0.39117741706236964,0.959146753473696
nguyen9-7,4.4,0.3935877358228368,0.9594570637860859
nguyen9-7,4.45,0.39583551827843616,0.9598688658293577
nguyen9-7,4.5,0.3983551591799611,0.9602339492839101
nguyen9-7,4.55,0.40095149732002633,0.9607775814535047
nguyen9-7,4.6,0.40335819354911556,0.9609790515711089
nguyen9-7,4.65,0.4056116369772338,0.961198185577513
nguyen9-7,4.7,0.40814728316749505,0.9613367955258557
nguyen9-7,4.75,0.4104727120798268,0.9616651376164733
nguyen9-7,4.8,0.41269244440147207,0.9619342212475996
nguyen9-7,4.85,0.4150479471430311,0.9620915221859634
nguyen9-7,4.9,0.41765311274439526,0.9625170927516717
nguyen9-7,4.95,0.4202203202271258,0.9628040717731409
nguyen9-7,5.0,0.4229465708389696,0.9632052233253054
nguyen9-7,5.05,0.42551104976545157,0.9636683440041555
nguyen9-7,5.1,0.42788936390680954,0.9639378320202278
nguyen9-7,5.15,0.4302096253114735,0.9643004289570649
nguyen9-7,5.2,0.43244636028735073,0.96442668830123
nguyen9-7,5.25,0.4347051579279816,0.9639325876525168
nguyen9-7,5.3,0.43684621291336734,0.9640311750642073
nguyen9-7,5.35,0.4390147351730465,0.9641526858936764
nguyen9-7,5.4,0.4412277003465814,0.9642856639801264
nguyen9-7,5.45,0.4432386680868512,0.9632979516424379
nguyen9-7,5.5,0.44588397157675463,0.9635956319206087
nguyen9-7,5.55,0.4479083000509623,0.963762581685105
nguyen9-7,5.6,0.45031217753145114,0.9631465618683466
nguyen9-7,5.65,0.4527715392161435,0.9635807410760416
nguyen9-7,5.7,0.45487090988503814,0.9637177891588367
nguyen9-7,5.75,0.4565973664044535,0.9638605222581974
nguyen9-7,5.8,0.45875065197275433,0.9638505002990524
nguyen9-7,5.85,0.4607113630808444,0.9639808762698807
nguyen9-7,5.9,0.46254176742581493,0.9641083167925119
nguyen9-7,5.95,0.46431290014350796,0.9642362563489162
nguyen9-7,6.0,0.46631731476234733,0.9642776969967592
nguyen9-7,6.05,0.4681268129785867,0.9644141362581073
nguyen9-7,6.1,0.4699970563381736,0.9643871981839774
nguyen9-7,6.15,0.47193431764265503,0.964494895981192
nguyen9-7,6.2,0.4738457307779935,0.964530051240975
nguyen9-7,6.25,0.47573448458648565,0.9645544708915027
nguyen9-7,6.3,0.477638438187592,0.9646717508845951
nguyen9-7,6.35,0.47954737000197517,0.9646432454147364
nguyen9-7,6.4,0.481587425171391,0.964710290561657
nguyen9-7,6.45,0.48358886207143553,0.9646611536707647
nguyen9-7,6.5,0.48533386837037584,0.9646931095511294
nguyen9-7,6.55,0.4871115569076463,0.9648014751484945
nguyen9-7,6.6,0.4898704535189792,0.964897495689269
nguyen9-7,6.65,0.49149927320870246,0.964805769528358
nguyen9-7,6.7,0.49315536346370353,0.9647581717399842
nguyen9-7,6.75,0.49472848880236603,0.9647688034880576
nguyen9-7,6.8,0.4966718203036021,0.9651737099771782
nguyen9-7,6.85,0.49840581882041773,0.9652069566626237
nguyen9-7,6.9,0.5000013488911382,0.9651511268263292
nguyen9-7,6.95,0.5020555066938673,0.9653809335837586
nguyen9-7,7.0,0.5038979097198253,0.9653877500668615
nguyen9-7,7.05,0.5056600923660706,0.9653830018869484
nguyen9-7,7.1,0.5073138059017671,0.9655704632186785
nguyen9-7,7.15,0.5093794557747586,0.9654250183345597
nguyen9-7,7.2,0.5109129355749412,0.965274084077754
nguyen9-7,7.25,0.5127733258666098,0.9652968403510224
nguyen9-7,7.3,0.5145253828424781,0.9653339065422406
nguyen9-7,7.35,0.5162923035217433,0.9653162054855386
nguyen9-7,7.4,0.5178512863293496,0.9654015448949219
nguyen9-7,7.45,0.5195263498685498,0.9655646500972965
nguyen9-7,7.5,0.5211241402205777,0.9657451315812164
nguyen9-7,7.55,0.5229200855030856,0.9655398201058613
nguyen9-7,7.6,0.524667973832776,0.9655944817277613
nguyen9-7,7.65,0.5264498902355735,0.9654505428667097
nguyen9-7,7.7,0.5279940277707906,0.9654783152370363
nguyen9-7,7.75,0.5295296143553082,0.9655041555073879
nguyen9-7,7.8,0.5311062187005704,0.9655219872327578
nguyen9-7,7.85,0.5325450811741006,0.9655915277033472
nguyen9-7,7.9,0.5339848211376719,0.965594433200366
nguyen9-7,7.95,0.535470701049655,0.965543844185338
nguyen9-7,8.0,0.5371268999393848,0.965519975813112
nguyen9-7,8.05,0.5387714729754169,0.9649305482007695
nguyen9-7,8.1,0.5403554514984686,0.9648868903834941
nguyen9-7,8.15,0.5419416579487105,0.9648377738962158
nguyen9-7,8.2,0.5433626760485454,0.9646321496115049
nguyen9-7,8.25,0.5447931507657051,0.9646289369422285
nguyen9-7,8.3,0.5463334028390698,0.9656530847344164
nguyen9-7,8.35,0.547870273499961,0.9656201310949452
nguyen9-7,8.4,0.549413898340729,0.9654697431697364
nguyen9-7,8.45,0.5508099891084196,0.9654613084320732
nguyen9-7,8.5,0.5524139809564815,0.9649471805993207
nguyen9-7,8.55,0.5540816492503461,0.9650774181442506
nguyen9-7,8.6,0.5557632140560663,0.965023279594509
nguyen9-7,8.65,0.5572776573547573,0.9649194262903643
nguyen9-7,8.7,0.5596150768696385,0.964948486022633
nguyen9-7,8.75,0.5610358153087991,0.9649261960689347
nguyen9-7,8.8,0.56225737399324,0.9650137680439947
nguyen9-7,8.85,0.5635410757147572,0.9643695490558356
nguyen9-7,8.9,0.5649963134069168,0.9642269620577386
nguyen9-7,8.95,0.566206942727195,0.9641391868058726
nguyen9-7,9.0,0.5676046997023084,0.9639099359022161
nguyen9-7,9.05,0.5688223532185459,0.963893204402131
nguyen9-7,9.1,0.5703509228116654,0.9642296262443177
nguyen9-7,9.15,0.5716146880043054,0.964223501449646
nguyen9-7,9.2,0.5727650099602215,0.9642201393002704
nguyen9-7,9.25,0.5740914749354671,0.9640191972085276
nguyen9-7,9.3,0.5754872395556095,0.964021254684302
nguyen9-7,9.35,0.5768529101673866,0.9641805310613495
nguyen9-7,9.4,0.5780682956181302,0.963964763157171
nguyen9-7,9.45,0.5793374792584081,0.9638137321397564
nguyen9-7,9.5,0.5806717765266417,0.963583445398802
nguyen9-7,9.55,0.5818415864930526,0.963497425619383
nguyen9-7,9.6,0.5831357158487448,0.9634736303468648
nguyen9-7,9.65,0.5843237026006552,0.9632835045980133
nguyen9-7,9.7,0.5854727820404083,0.9632601929185717
nguyen9-7,9.75,0.5866535015444767,0.9633223993204946
nguyen9-7,9.8,0.5881230662129241,0.9625945233161981
nguyen9-7,9.85,0.5896062280067221,0.9625341057861857
nguyen9-7,9.9,0.5908754481900977,0.9625517054027922
nguyen9-7,9.95,0.5919417615429164,0.9624810844426822
nguyen9-9,0.0,0.022488095185000244,0.5034070684867458
nguyen9-9,0.05,0.03208568404294129,0.5583220259037596
nguyen9-9,0.1,0.0404291996812512,0.5960881224592068
nguyen9-9,0.15,0.04852967960961741,0.6260039480615319
nguyen9-9,0.2,0.05618103962372828,0.651795539403077
nguyen9-9,0.25,0.06324532855855101,0.6736119479977006
nguyen9-9,0.3,0.07048047633764674,0.6939475374485814
nguyen9-9,0.35,0.07786043961307774,0.7117136629589789
nguyen9-9,0.4,0.08488502112888822,0.7282207510818626
nguyen9-9,0.45,0.09136279348786124,0.7424310277868145
nguyen9-9,0.5,0.09791474246961668,0.7561310426220882
nguyen9-9,0.55,0.10421934457704951,0.7679018081258521
nguyen9-9,0.6,0.11079342401390622,0.7786417019734349
nguyen9-9,0.65,0.11689127673330893,0.7884204915605253
nguyen9-9,0.7,0.12278241613446038,0.7974567781166104
nguyen9-9,0.75,0.12888229323444317,0.8062143979206661
nguyen9-9,0.8,0.1347777961254786,0.8143947663900998
nguyen9-9,0.85,0.1400085900180668,0.821424621815593
nguyen9-9,0.9,0.14522568444858064,0.8282519312389373
nguyen9-9,0.95,0.15080908082057162,0.8347106405286414
nguyen9-9,1.0,0.15616616156692348,0.8405126598967003
nguyen9-9,1.05,0.1616894656610023,0.8460618418542942
nguyen9-9,1.1,0.16681255648360094,0.8514107565528881
nguyen9-9,1.15,0.17178168005310723,0.8562838985501667
nguyen9-9,1.2,0.17665454924624957,0.860974576716043
nguyen9-9,1.25,0.18152376342599275,0.865583533239209
nguyen9-9,1.3,0.18677639936806967,0.8701119125226655
nguyen9-9,1.35,0.1913612616070279,0.8740881341168404
nguyen9-9,1.4,0.19626754920646752,0.8781566558112296
nguyen9-9,1.45,0.20075812916226524,0.8814337067119687
nguyen9-9,1.5,0.20511641990467372,0.8849346917529748
nguyen9-9,1.55,0.2098773411127432,0.8884080692540022
nguyen9-9,1.6,0.2141737720354334,0.8915303449694321
nguyen9-9,1.65,0.21866810050070767,0.8948818194401607
nguyen9-9,1.7,0.22294248477513762,0.8974983084153265
nguyen9-9,1.75,0.22727680076396303,0.9002691697607261
nguyen9-9,1.8,0.23187853492098334,0.9029320280114725
nguyen9-9,1.85,0.2359976888309098,0.9054372894384499
nguyen9-9,1.9,0.24036383864378258,0.9080396044180498
nguyen9-9,1.95,0.24447579711242162,0.9101910610897541
nguyen9-9,2.0,0.24848714700850313,0.9123384757717737
nguyen9-9,2.05,0.2524065083022262,0.9143424778482181
nguyen9-9,2.1,0.2568151136764846,0.9167277316199842
nguyen9-9,2.15,0.26065492320212963,0.9183472729341708
nguyen9-9,2.2,0.2646015700697905,0.9203018654993472
nguyen9-9,2.25,0.26852358432357026,0.9223691174623151
nguyen9-9,2.3,0.27232437302974527,0.9240857732131458
nguyen9-9,2.35,0.275926952588349,0.9256100738712623
nguyen9-9,2.4,0.2799399561099042,0.9271898736157925
nguyen9-9,2.45,0.2835686389762051,0.9286630017250838
nguyen9-9,2.5,0.28711567342634675,0.9300455154447781
nguyen9-9,2.55,0.29060976713562325,0.9315767817035155
nguyen9-9,2.6,0.29433389369489915,0.9328705644756305
nguyen9-9,2.65,0.2978486436424991,0.9339949622794275
nguyen9-9,2.7,0.30133740987495566,0.9352982318151488
nguyen9-9,2.75,0.30472756348560603,0.9364120720967922
nguyen9-9,2.8,0.3081440011419928,0.9375103606060737
nguyen9-9,2.85,0.31132133618451924,0.9384579647387494
nguyen9-9,2.9,0.31470815389879275,0.9395968765560545
nguyen9-9,2.95,0.31786011068933034,0.9406969187245263
nguyen9-9,3.0,0.3210580312693781,0.9417565725238534
nguyen9-9,3.05,0.32423910418294044,0.9428584202982218
nguyen9-9,3.1,0.3274878206830141,0.9437906880272654
nguyen9-9,3.15,0.33074613190194113,0.9447867899710795
nguyen9-9,3.2,0.33389967674596527,0.9455838958218825
nguyen9-9,3.25,0.33706170641719274,0.9463289854143251
nguyen9-9,3.3,0.3401397477623507,0.9472257234115758
nguyen9-9,3.35,0.343184715601697,0.9481049065482154
nguyen9-9,3.4,0.34620940425816316,0.9490799195743176
nguyen9-9,3.45,0.34928504835554347,0.9498856011223101
nguyen9-9,3.5,0.3522429968396556,0.9506366054669887
nguyen9-9,3.55,0.3549727457147781,0.9512281806923742
nguyen9-9,3.6,0.35780605970428764,0.9519051345457689
nguyen9-9,3.65,0.36065216506627457,0.9525556396621369
nguyen9-9,3.7,0.36339688960531086,0.9531673274071915
nguyen9-9,3.75,0.366053497464269,0.9537830813216653
nguyen9-9,3.8,0.36890739579228965,0.9544849242464005
nguyen9-9,3.85,0.37159458214392094,0.9550229205197112
nguyen9-9,3.9,0.3742194749880479,0.9554860897599049
nguyen9-9,3.95,0.3768309112661649,0.9558984717285891
nguyen9-9,4.0,0.37962054666851985,0.9562238537926904
nguyen9-9,4.05,0.3824072892991073,0.9566992069726382
nguyen9-9,4.1,0.3848660407332435,0.9570680005830995
nguyen9-9,4.15,0.3875159150400372,0.957535050802557
nguyen9-9,4.2,0.3900973172646908,0.9578940371499488
nguyen9-9,4.25,0.3929226400092308,0.9583942310254335
nguyen9-9,4.3,0.39568618380171416,0.9588341345328841
nguyen9-9,4.35,0.3983111645731446,0.9593144143061401
nguyen9-9,4.4,0.40068624735992964,0.9596950079510771
nguyen9-9,4.45,0.4033968962015812,0.9595574132173251
nguyen9-9,4.5,0.40597719850405395,0.9600524535748701
nguyen9-9,4.55,0.40840834337692655,0.9603378056353433
nguyen9-9,4.6,0.4108455420662787,0.9605441051963609
nguyen9-9,4.65,0.4131529600325706,0.9609102773208281
nguyen9-9,4.7,0.41562458228428506,0.9612496315315282
nguyen9-9,4.75,0.41805811444956925,0.9614507683624796
nguyen9-9,4.8,0.420495723562191,0.9617352635841661
nguyen9-9,4.85,0.4226825224958393,0.9619713966085697
nguyen9-9,4.9,0.42492730085864266,0.9621628983903564
nguyen9-9,4.95,0.42738218532480693,0.9625089617568473
nguyen9-9,5.0,0.429910202223413,0.9629495211321594
nguyen9-9,5.05,0.43216658374833405,0.9631462925035276
nguyen9-9,5.1,0.43458615782855026,0.9633998001900784
nguyen9-9,5.15,0.43691984863522554,0.9634719268851388
nguyen9-9,5.2,0.4393219089107454,0.9636557557223022
nguyen9-9,5.25,0.4413590936236286,0.9639144935915473
nguyen9-9,5.3,0.44361358746142543,0.9640139163352919
nguyen9-9,5.35,0.4458177644979228,0.9642202743949504
nguyen9-9,5.4,0.448171951940229,0.9647122208776924
nguyen9-9,5.45,0.450297486240237,0.9649181292292482
nguyen9-9,5.5,0.45253892238309434,0.9651680034590487
nguyen9-9,5.55,0.454768333025406,0.9654395966409595
nguyen9-9,5.6,0.4568121499223164,0.9656041481744423
nguyen9-9,5.65,0.4589564891803677,0.9656173042590459
nguyen9-9,5.7,0.46102515270051087,0.9658361905419202
nguyen9-9,5.75,0.4629865241572712,0.9660803010861873
nguyen9-9,5.8,0.46504333643727946,0.9661206684228758
nguyen9-9,5.85,0.466772068222369,0.9662268792809162
nguyen9-9,5.9,0.46880143298291727,0.966314755871259
nguyen9-9,5.95,0.47076790812057395,0.966519442151059
nguyen9-9,6.0,0.4728165777203358,0.9664939636414772
nguyen9-9,6.05,0.47467276515405127,0.9666316186548688
nguyen9-9,6.1,0.4766335632371454,0.9665725192439028
nguyen9-9,6.15,0.4786002097054583,0.9667253183709574
nguyen9-9,6.2,0.4805818306784229,0.9668700178834139
nguyen9-9,6.25,0.48248477009553326,0.9669300119534617
nguyen9-9,6.3,0.484484901164358,0.9668791046435514
nguyen9-9,6.35,0.4863931994351992,0.9669026028609866
nguyen9-9,6.4,0.48832754673656886,0.9668774103726865
nguyen9-9,6.45,0.4902419642133875,0.9670972841196356
nguyen9-9,6.5,0.4919484179223837,0.9672375475736672
nguyen9-9,6.55,0.4938707471532366,0.9671056362881765
nguyen9-9,6.6,0.49586939156477067,0.9668745693841372
nguyen9-9,6.65,0.49764810023623235,0.9668294177526697
nguyen9-9,6.7,0.4995954949947562,0.9669149194636344
nguyen9-9,6.75,0.5012827954435348,0.9669774554397935
nguyen9-9,6.8,0.5032291758450933,0.9671513514695139
nguyen9-9,6.85,0.5050189327900205,0.9672327555277147
nguyen9-9,6.9,0.5066297005583679,0.9673795283006983
nguyen9-9,6.95,0.5084689063828641,0.9676226408542314
nguyen9-9,7.0,0.5102220280799018,0.9676071780206295
nguyen9-9,7.05,0.511912892076196,0.9672552634382082
nguyen9-9,7.1,0.5135343517396751,0.9672230510020434
nguyen9-9,7.15,0.5154187066273496,0.9672570539628346
nguyen9-9,7.2,0.5168912431646394,0.9673069834454185
nguyen9-9,7.25,0.5184819890186102,0.9672516564628363
nguyen9-9,7.3,0.5199792719311823,0.9672546221927907
nguyen9-9,7.35,0.5215291769225481,0.9672901431961266
nguyen9-9,7.4,0.523256297956825,0.9672748293384794
nguyen9-9,7.45,0.5248721682054286,0.9673772592927069
nguyen9-9,7.5,0.5262867413268111,0.9675496334479887
nguyen9-9,7.55,0.5279548589232946,0.9674282239007566
nguyen9-9,7.6,0.5293214170303083,0.9675014878902413
nguyen9-9,7.65,0.5307561446657266,0.9674269648302052
nguyen9-9,7.7,0.5324401171531236,0.9675211821628725
nguyen9-9,7.75,0.5339521471027096,0.9675459628207989
nguyen9-9,7.8,0.5357971570703711,0.967414855149174
nguyen9-9,7.85,0.5373461941484527,0.967489795567703
nguyen9-9,7.9,0.5389357411581327,0.9674073586690304
nguyen9-9,7.95,0.5404890198065767,0.9674380022545889
nguyen9-9,8.0,0.5419832637846236,0.9674967495250989
nguyen9-9,8.05,0.5434700923144211,0.9674487817796188
nguyen9-9,8.1,0.5449385295279413,0.967383123566969
nguyen9-9,8.15,0.546348350162126,0.9672287580409871
nguyen9-9,8.2,0.5478092085047244,0.966817225531925
nguyen9-9,8.25,0.5492542487933426,0.96671521842208
nguyen9-9,8.3,0.5507793108070104,0.9668207990172679
nguyen9-9,8.35,0.5522545607654317,0.9668615180629746
nguyen9-9,8.4,0.5537020262186124,0.9667778478488199
nguyen9-9,8.45,0.5550663163745743,0.9668610380278015
nguyen9-9,8.5,0.5565014536141684,0.9669040481783325
nguyen9-9,8.55,0.557942901240712,0.9669546908619207
nguyen9-9,8.6,0.5594690288056027,0.9668667862790585
nguyen9-9,8.65,0.5608405668447916,0.9666775923062947
nguyen9-9,8.7,0.5622485829397488,0.9667096388265223
nguyen9-9,8.75,0.5635398271255112,0.9668606088959731
nguyen9-9,8.8,0.5647920916145394,0.9670494697812738
nguyen9-9,8.85,0.5661322449932611,0.9671710845671623
nguyen9-9,8.9,0.5675336534279225,0.9669611069199117
nguyen9-9,8.95,0.5688444381667587,0.9669517963770663
nguyen9-9,9.0,0.570188549536632,0.9668829572098536
nguyen9-9,9.05,0.5714593122214034,0.9669110705721724
nguyen9-9,9.1,0.5727561610688331,0.966919582481967
nguyen9-9,9.15,0.5740299084501482,0.9670423115893125
nguyen9-9,9.2,0.5752863163010951,0.9669436969422975
nguyen9-9,9.25,0.5766074632716297,0.9666022473063143
nguyen9-9,9.3,0.5780330413528523,0.9665074335137568
nguyen9-9,9.35,0.5794640946969773,0.9659783746128761
nguyen9-9,9.4,0.5806980326315027,0.9660436820149176
nguyen9-9,9.45,0.5820218382131609,0.9662188024479128
nguyen9-9,9.5,0.5832800628880349,0.966061589496691
nguyen9-9,9.55,0.584602676571386,0.9656070049202503
nguyen9-9,9.6,0.5859766283506976,0.9654906735632531
nguyen9-9,9.65,0.5872277734683915,0.9656734842543045
nguyen9-9,9.7,0.5884435702243666,0.9654837780155137
nguyen9-9,9.75,0.5897202978178876,0.965308816076649
nguyen9-9,9.8,0.5909239186699596,0.9655361469317226
nguyen9-9,9.85,0.5921325219728001,0.9655511484115515
nguyen9-9,9.9,0.5931609680631047,0.9653455314751433
nguyen9-9,9.95,0.5943077036291176,0.9653205061615862
